{"Reward pr episode": -0.2, "Loss pr episode": 0, "Timesteps pr episode": 151, "_timestamp": 1675293858.3768318, "_runtime": 234.40774178504944, "_step": 105, "_wandb": {"runtime": 234}}