{"Other/Reward pr episode": 0.20000000000000015, "Other/Loss pr episode": 0.6641772290070852, "Timesteps pr episode": 137, "_timestamp": 1675293897.5728183, "_runtime": 21.904240369796753, "_step": 7, "_wandb": {"runtime": 21}}